{"cameraMode":{"drawMode":0,"name":"Shaded","section":"Shading Mode"},"sceneLighting":true,"audioPlay":false,"sceneViewState":{"m_AlwaysRefresh":false,"showFog":true,"showSkybox":true,"showFlares":true,"showImageEffects":true,"showParticleSystems":true,"showVisualEffectGraphs":true,"m_FxEnabled":true},"in2DMode":false,"pivot":{"x":13.039083480834961,"y":3.9590845108032228,"z":-7.036298751831055},"rotation":{"x":-0.15670683979988099,"y":0.07458726316690445,"z":-0.011869137175381184,"w":-0.9847552180290222},"size":11.035324096679688,"orthographic":false}